CustomerCode,CustomerName,LocationCode,Address
22DURA,DURA STAINLESS & S/M MFG LTD,,
2CBI,CBI MANUFACTURING LTD,,
2EMCCB,EMCO CORP #752 - CRANBROOK,,
2EMCNA,EMCO CORP #821 - NANAIMO,,
2EMCOB,EMCO CORP #822 - BURNABY,,
32A&S,A&S CUSTOM HVAC ~COD,,
32AB,1300525 ALBERTA LTD,,
32ACAD,HUTTERIAN BRETHREN-ACADIA,,
32ACS,ALLIED CUSTOM SOLUTIONS,,
32ACSM,ACCESS CUSTOM SHEET METAL INC,,
32ADVA,ADVANTAGE HTG & A/C INC,,
32AES,ADVANCED ENERGY SOLUTIONS INC,,
32AIRT,AIR-TECH LTD,,
32AK,AK BROWN LTD,,
32ALBI,ALBION RIDGE WELDING,,
32ALCF,ALLIANCE CUSTOM FABRICATIONLTD,,
32ALGG,ALGGIN METAL INDUSTRIES LTD,,
32ALIM,ALLIED METAL LTD,,
32ALLO,ALLOY TRUCK EQUIPMENT LTD,,
32ALLT,ALLTRACK INC,,
32ALTW,ALTAWELD (1999) INC,,
32AMMS,ALL METAL MFG SERVICES INC,,
32AND,ANDERSEN'S STEEL FABRICATION,,
32ARGO,ARGO SALES LP,,
32ARIE,ARIES / AIRFLO HEATING & A/C,,
32ARK,ARKTON STEEL INC,,
32ARMO,ARMOR BUILDING SYSTEMS LTD,,
32ARON,AARON MACHINE SHOP LTD,,
32ARPI,ARPI'S INDUSTRIES LTD,,
32ARRO,HUTTERIAN BRETHREN-ARROWWOOD,,
32ASM,ASM INDUSTRIES,,
32ATP,ATP CANADA,,
32AUAR,ALBERTA UNIVERSITY OF THE ARTS,,
32AVAL,AVALANCHE AIR SYSTEMS LTD,,
32BAKR,BAKER HUTTERIAN BRETHREN,,
32BASI,BASIC TOOL + DIE INC,,
32BAUM,BAUMANN'S VENT. & PLBG LTD,,
32BENK,BENKIN SHEET METAL 2008 LTD,,
32BERU,BERUN SHEET METAL LTD.,,
32BHL,BHL INSULATION & CONSTRUCT~COD,,
32BIG,BIG FOOT METAL SYSTEMS LTD,,
32BIGH,BIGHORN SHEET METAL LTD,,
32BLUE,BLUE SKY FARMING CO,,
32BMW,BMW ROOFING & SIDING LTD,,
32BOMA,BOMA ENTERPRISES LTD. ~COD,,
32BRAN,BRANT FARMING COMPANY,,
32BRAT,BRATT JET INC,,
32BRI,BRIMARK METAL MFG LTD,,
32BRIT,BRITESTONE FARMING CO LTD,,
32BROM,BROMLEY MECH SERV (1985) LTD,,
32BROO,BROOKS INDUSTRIAL METALS LTD,,
32BUD,BUDRICH INDUSTRIES (DBA),,
32CAIR,SERVICE EXPERTS HTG & A/C INC,,
32CALG,CALGARY ALUM CUSTOM FAB LTD,,
32CALH,CALHEX INDUSTRIES LTD,,
32CALP,CALGARY PRECISION METAL LTD,,
32CAME,CAMERON FARMS COLONY LTD,,
32CAN,CANAM GROUP INC,,
32CASH,CASH SALES - AB SOUTH (CASC),,
32CBE,CALGARY BOARD OF EDUCATION,,
32CCSC,CCS CONTRACTING LTD - CALG,,
32CCUT,CLEAR CUT METAL WORKS INC,,
32CENT,CENTRELINE MFG LTD,,
32CHAR,CHARLTON & HILL LTD.,,
32CHIE,CHIEF MOUNTAIN GAS CO-OP LTD,,
32CIW,CREATIVE IRONWORK & DES. ~COD~,,
32CK,C.K. SHEET METAL INC,,
32CLAB,CASUAL LABOUR INC,,
32CLEA,CLEAR LAKE COLONY FARMING CO,,
32CM,CENTIMARK LTD,,
32CMR,CALGARY METAL RECYCLING INC,,
32COMP,COMPLETE CUSTOM METALS INC,,
32CONT,CONTINENTAL WIRE CLOTH,,
32COPF,COPPER FIELD FARMS 2011 LTD,,
32COPP,COPPER X EXTREME ~ COD,,
32CREM,CREMAC METAL PRODUCTS LTD.,,
32CRES,CRESTWAY SYSTEMS LTD,,
32CROO,CENTRAL ROOFING (CALGARY) LTD,,
32CRST,CROSSTOWN HEATING & VENTILATI-,,
32CSTM,CUSTOM METAL CONTRACTING LTD,,
32CTIN,CALGARY TINSMITH INDUSTRIESLTD,,
32CTOS,CTOS CANADA LTD,,
32D&G,D&G ROOFING LTD,,
32DANN,DANNY'S FOOD EQUIPMENT,,
32DAPA,DAPAJO CONSTRUCTION LTD,,
32DIAM,DIAMOND INDUSTRIES,,
32DIRT,DIRTT ENVIRONMENTAL SOL.,,
32DURA,DURA STAINLESS & S/M MFG LTD,,
32ECCO,ECCO HEATING PROD LTD - CALG,,
32EDGE,EDGE METALWORKS LTD,,
32EDS,ED'S FABRICATION SERVICE,,
32EMPC,EMPIRE CUTTING CORP ~COD,,
32EMS,EPIC METAL SERVICES INC ~COD,,
32ENGI,ENGINEERED AIR - A DIVISION OF,,
32EPIC,EPIC ROOFING & EXT COMM LTD,,
32ESCO,ESCON INDUSTRIES (2012) LTD,,
32EVAN,EVANS CONSOLES CORP,,
32EVER,EVERGREEN COLONY FARMING COLTD,,
32EXCA,EXCALIBUR TRUCK ACCESSORIES,,
32EXTE,EXTERIORS BY LEROY & DARCY,,
32EXX,EXX-ELL INDUSTRIES,,
32FAB,PREMIER PROJECT SUPPLY LTD,,
32FAB3,3 FAB METAL MFG LTD,,
32FAGN,FAGNAN'S FURNACE SERVICE,,
32FAIR,FAIRVIEW COLONY,,
32FALK,FALKBUILT LTD (DBA) 2151934 AB,,
32FED,FEDERAL METALS INC,,
32FIND,FINDOOR INDUSTRIAL INC,,
32FIRE,FIREFISH INDUSTRIES LTD,,
32FLAS,FLASHINGS PLUS LTD,,
32FLYN,FLYNN CANADA LTD - CALGARY,,
32FORM,FORMA STEEL LTD,,
32FOXA,FOX AIR SYSTEMS INC,,
32FRNK,FRANKO'S MECHANICAL (TLQ) INC,,
32FRV,FAIRVILLE FARMING CO. LTD,,
32G&S,G&S AIRPORT CONVEYOR,,
32GOLD,GOLDEC-HAMM'S MANUFACTURINGLTD,,
32GOOD,GOODMEN ROOFING LTD-RED DEER,,
32GRAM,GRANT METAL PRODUCTS LTD,,
32GRAY,GOLDRAY INDUSTRIES,,
32GRIZ,GRIZZLY TRAIL METAL SUPPLY~COD,,
32HAMM,HAMMERSMITH CUSTOM METAL,,
32HAUL,HAUL-ALL EQUIPMENT LTD,,
32HAWK,HAWK CUSTOM SHEET METAL,,
32HBSW,HUTTERIAN BRETHREN-SILVER WIND,,
32HD,HD LASER TECH,,
32HIHG,HI-HOG FARM & RANCH EQUIP LTD.,,
32HILL,HUTTERIAN BRETHREN-HILLVIEW,,
32HORZ,HORIZON HEATING LTD,,
32HSI,HIGH STANDARD INSTALLATION LTD,,
32HUTP,HUTTERIAN BRETHREN-PLAINVIEW,,
32HVH,"HILLVIEW HOLDINGS INC, HILLVI-",,
32ICE,ICE WESTERN SALES LTD,,
32IF,INTEGRITY FABRICATION (O/A),,
32IGLO,IGLOO ERECTORS LTD,,
32IMS,IMS INNOVATIVE MFG SOURCE INC,,
32INDC,INDUS. WATERPROOF SYS LTD-CALG,,
32IRON,IRON EAGLE SHEET METAL,,
32ISOL,ISOLOC ~COD,,
32J&A5,"J & A 5"" EAVESTROUGH LTD",,
32JACK,JACKSON HEATING & A/C LTD,,
32JAG,JAG INDUSTRIES INC ~ COD,,
32JAS,J.A.S. INDUSTRIAL SERVICE &,,
32JAY,JAY'S METALS LTD,,
32JENN,JENNER COLONY FARMING CO LTD,,
32JKL,JKL MASONRY CONSTRUCTION LTD,,
32KB,KB HEATING & A/C LTD,,
32KHAC,KODIAK HEATING & A/C,,
32LAKE,LAKESIDE COLONY FARMING,,
32LASR,LASER EQUATION (OPERATIONS) LT,,
32LAWS,LAW'S CLASSING WELDING (DBA),,
32LMMW,LITTLE MONKEY M/WORKS ~ COD,,
32LONE,LONE PINE COLONY,,
32LYNN,LYNNWOOD ROOFING (1991) INC,,
32MADD,MADD HADDER CLADDER INC,,
32MAF,METAL ALLOY FABRICATION LTD,,
32MAMM,MAMMOTH METALS,,
32MARL,GREAT NORTHERN PLUMBING INC,,
32MART,MARTINEAU ROOFING         ***,,
32MAY,MAYCITY ROLLING MILLS LTD,,
32MB,METAL BEND INC,,
32MCM,MCMULLEN'S REFRIG & HTNG ~COD,,
32MERC,MERCEDES AND SINGH (DBA),,
32MERI,MERIDIAN AGRICULTURE CO LTD,,
32MESU,METAL SUPERMARKETS - CALGARY,,
32META,METAL ROOFING & SIDING EXPERTS,,
32METH,HAT METAL MART,,
32METL,METAL MART LETHBRIDGE,,
32METR,METROPOLIS FACADES INC,,
32MFRM,METAL FORM IND (2006) INC,,
32MIAL,MIALTA FARMING CO LTD,,
32MIAM,MIAMI COLONY FARMING CO LTD,,
32MIDW,MIDWEST AGRICULTURAL CO LTD,,
32MILO,MILO ELECTRIC & PLUMBING LTD,,
32MILT,MILTOW FARMING CO LTD,,
32MMRF,METAL MAX ROLL FORMING,,
32MOD,MODERN METAL PRODUCTS LTD,,
32MODC,MODERN NIAGARA ALBERTA INC-CLG,,
32MODU,MODUS STRUCTURES INC,,
32MTN,MOUNTAIN METALS ~COD,,
32MUST,MUSTANG TRAILERS LTD,,
32MWRK,METALWORKS CANADA LTD,,
32NEF,NEW ELM FARMING,,
32NEWB,NEWBY ENTERPRISES LTD,,
32NEWE,NEWELL COLONY,,
32NORS,NORSEMAN METAL SUPPLY LTD,,
32NOSE,NOSE CREEK METALS INC,,
32NUMU,NU-MUN CONTRACTING LTD ~COD,,
32NY,NEW YORK FARMING,,
32OLDE,OLD ELM FARMING CO LTD,,
32OPT,OPTIMUM MFG,,
32OUTL,OUTLAW EAGLE MANUFACTURING LTD,,
32PAD,PAD-CAR MECHANICAL LTD,,
32PARA,PARAGON VENTILATION (CALG) LTD,,
32PEDD,PEDDIE ROOFING & WATERPROOFING,,
32PEEK,PEEKS HEATING & A/C LTD,,
32PEER,PEERLESS BUILDINGS PROD   ***,,
32PK,PARKER JOHNSTON IND (AB) LTD,,
32PLAT,PLATO'S SUPERIOR ROOFING LTD,,
32PMT,PRECISION MOUNTING TECH LTD,,
32PPSS,PROFESSIONAL PIPE & STEEL SAL-,,
32PRIC,PRICE MFG CORP,,
32PROB,PRO BUILDING SUPPLIES INC,,
32PROC,PROLOGIC CONTROLS LTD.,,
32QUST,QUEST FABRICATION,,
32RBUD,ROSEBUD COLONY,,
32RCL,RCL METALWORKS INC,,
32REGG,REGGIN INDUSTRIES INC,,
32REM,REMSTAR ROOFING ~COD,,
32REV,REV ENGINEERING LTD,,
32RIVE,RIVERBEND COLONY FARMS LTD,,
32RODO,RODONO INDUSTRIES LTD,,
32RODS,RODS N RESTOS,,
32ROLC,ROLCO ROLLSHUTTERS 2019 INC,,
32RONC,RONACO INDUSTRIES (O/A)1416600,,
32ROOF,ROOFMART ALBERTA INC - CALG,,
32ROSE,ROSEDALE COLONY FARMING CO LTD,,
32ROUT,ROUTER-TEC INC,,
32RPLY,R RIPLEY & SON SHEET METAL LTD,,
32RSCL,RUSSEL METALS INC - CALGARY,,
32RSM,ROSEDALE SHEET METAL (2002) LT,,
32RUFF,RUFF IN INDUSTRIES ~COD,,
32SACS,SOUTHERN ALBERTA CONSTRUCTION,,
32SAMU,SAMUEL PLUMBING & HEATING LTD.,,
32SCTT,SCOTT SPRINGFIELD MFG INC,,
32SF,STANDARD FLASHING LTD,,
32SFC,STARLAND FARMING CO LTD,,
32SHAN,SHANAHAN'S LIMITED PARTNERSHIP,,
32SIDE,SIDERMAN LTD ~COD,,
32SIEG,SIEGBERT STEEL INC,,
32SILV,SILVERSAGE COLONY FARMING CO,,
32SKIL,SKILL METAL FABRICATORS INC,,
32SLND,SOUTHLAND TRAILER CORP,,
32SPAW,SOUTHPAW METAL LTD,,
32SPR,SPRINGSIDE COLONY FARMING LTD,,
32SPRI,HUTTERIAN BRETHREN-SPRINGVALE,,
32SPRN,SPRING AIR ACOUSTICS,,
32SSM,STAR SHEET METAL (AB) LTD,,
32STAN,STANDARD COLONY FARMING CO LTD,,
32STE,SUPERIOR TRUCK EQUIPMENT ~COD,,
32STH,SOUTHAMPTON IND MFG INC,,
32STRA,STRAIGHT-UP METAL BLDGS LTD,,
32STRK,STARKS PLUMBING & HEATING LTD,,
32SUND,SUNDER CUSTOM METALS LTD,,
32SUNR,SUNRISE COLONY GRAIN & LIVEST-,,
32SUNS,SUNSHINE COLONY ~COD,,
32SURE,SUREWAY METAL SYSTEMS LTD,,
32THER,THERMAL SYSTEMS KWC LTD,,
32THIL,THREE HILLS COLONY,,
32TIN,THE TIN SHOPPE,,
32TITN,TITAN ROOFING INC,,
32TOPL,TOPLINE ROOFING ~COD,,
32TOPM,TOPMADE PLASTICS & NEON SIGNS,,
32TORN,TORNADO GLOBAL HYDROVACS,,
32TOTL,TOTAL METALWORKS INC,,
32TRAD,TRADESMAN MANUFACTURING,,
32TRIM,TRIMET BUILDING PRODUCTS INC,,
32TRLO,TRIMLOCK LTD,,
32TROT,TROTTER & MORTON,,
32TRU,TRU CRAFT ROOFING (2005) LTD,,
32TUFF,TUFFER SERVICES INC,,
32TW,TRAILER WIZARDS LTD,,
32UR,UNITED ROOFING INC,,
32VALL,V V COLONY FARMING CO. LTD,,
32VERD,VERDANT VALLEY FARMING CO LTD,,
32VIPC,VIPCO VISUAL BOARDS,,
32VMET,VALLEY METAL FABRICATORS LTD,,
32WAIR,WEST AIR SHEET METAL LTD ~COD,,
32WARW,WARWICK STRUCTURES GROUP LTD,,
32WASE,WASEA METAL INDUSTRIES LTD,,
32WDC,WHEATLAND DESIGN COMPANY/ DRA-,,
32WEAT,WEATHERGUARD METALS LTD,,
32WESG,WESCOM GLASS & ALUMINUM LTD,,
32WEWE,WESTERN WEATHER PROTECTOR LTD,,
32WHFC,WHLAND FARMING CO. LTD,,
32WHIS,WHISPER HEATING & COOLING LTD,,
32WM,WM. SCHMIDT MECHANICAL,,
32WPBS,WEST POINTE BUILDING SERVICES,,
32WVP,WESTVENT,,
32XIAN,XIAN HOLDINGS LTD,,
33ABET,A BETTER PANEL INC.,,
33AC,A.C. DANDY PRODUCTS,,
33BEAR,BEAR METALS INC,,
33BLCK,CLEAR RUSH CO,,
33BRID,BRIDGE AIR SYSTEMS LTD,,
33BURM,BURMAC MECHANICAL 2000,,
33CAPN,CAP'N FLASH LTD,,
33COOP,COOPER ROOFING LTD. ~COD,,
33DEF,DEFIANT METALS,,
33ENRP,ENERPAN BUILDING SYSTEMS,,
33IMRK,IMARK INC.,,
33KEY,KEYMAY INDUSTRIES LTD,,
33LASE,LASERMANN CUTS LTD,,
33MKLO,MAKLOC BUILDINGS INC.,,
33MNAR,MONARCH SIDING CENTRE INC,,
33MODE,MODERN NIAGARA ALBERTA INC-EDM,,
33RED,RW LASER & CUSTOM WORX,,
33SINC,SINCLAIR SUPPLY - EDM,,
33SS,SUPERIOR STEEL LTD,,
33STAN,STANDARD ROOFING & EXTERIORS,,
34BONK,BONKOWSKI ENT. INC.,,
34FINI,FINISHING TOUCH LANGENBURG2016,,
34FOX,FOX VALLEY FARMING CO,,
34GENT,GENTEK BUILDING PRODUCTS LP,,
34HEBE,HEBERT METAL ROOFING&EXTERIORS,,
34PROO,PRAIRIE ROOFING SYSTEMS,,
34SSEA,SUPER SEAMLESS OF CANADA,,
34THOR,THORPE INDUSTRIES LTD,,
34TUFF,TUFF EXTERIORS,,
35ACME,ACME WELDING & SUPPLY (77) LTD,,
35BEND,BEND-IT (5125945 MB LTD),,
35BTM,BORDER TOWN METALS,,
35CSS,CRANE STEEL STRUCTURES LTD,,
35DOM,DOMTEK BUILDING PRODUCTS,,
35GOOD,GOODON SAWMILL AND LUMBER,,
35MAX,MAXIM TRUCK & TRAILER (DBA),,
35WST,WESTMAN STEEL - WINNIPEG,,
36DAYB,DAYBAR INDUSTRIES LIMITED,,
36HADR,HADRIAN MANUFACTURING INC,,
36TRI,TRIUMPH INC,,
37GRIF,GRIFFITHS HEATING & SHEET METL,,
38GLAM,GLAMOX INC,,
3A&AS,A&A STEEL ENT LTD,,
3A&R,A&R METAL INDUSTRIES LTD,,
3A-1,A-1 MACHINE & WELDING(1986)LTD,,
3AANAW,AANAWL SHEET METAL,,
3AARC,AARC-WEST MECHANICAL (2013)INC,,
3AARON,AARON-MARK SERVICES LTD,,
3ABCS,ABC RECYCLING (SURREY) LTD,,
3ABSOL,ABSOLUTE FAB & MACHINING LTD,,
3ABSTR,SUPERIOR ALLOY TECHNOLOGY,,
3ACCES,ACCESS METAL PRODUCTS LTD,,
3ACCUA,0710074 BC LTD (DBA) ACCURATE,,
3ACCUR,ACCURATE GAUGE LTD ~COD,,
3ACECO,ACE COPPER SPECIALISTS,,
3ACL,ACCU-CUT LASER INC,,
3ACLAS,A CLASS FABRICATION CO LTD,,
3ACR,A-CORN ROOFING LTD ~COD,,
3ACROD,ACRODYNE FABRICATORS INC,,
3ACS,ACS COMPOSITE SYSTEMS INC,,
3ACTIN,ACTION STEEL SALES (OKANAGAN),,
3ACURT,ACURTECH FABRICATION ~COD,,
3ADAM,ADAM INTEGRATED,,
3ADMIR,ADMIRAL ROOFING LTD.,,
3ADP,APPLE DISPLAY PRODUCTS LTD~COD,,
3ADREN,ADRENALIN MARINE LTD,,
3ADRIA,ADRIANO'S STAINLESS LTD ~COD,,
3ADV,ADVANTAGE GUTTERS INC,,
3ADVAN,ADVANCE SHEET METAL LTD,,
3ADVM,ADVANCED MATERIAL HANDLING LTD,,
3ADVME,ADVANCE METALPRES INC,,
3ADVRO,ADVANTAGE ROOFING LTD,,
3ADVWP,ADVANCE WIRE PRODUCTS,,
3AEW,ALLIANCE ENGINEERING WORKS,,
3AFLOW,ADVANCED FLOW SYSTEMS INC ~COD,,
3AGGRE,AGGRESSIVE TUBE BENDING INC,,
3AIRGU,AIRGUARD INCORPORATED,,
3AIRTC,AIRTECH HEATING & A/C LTD,,
3AIRTE,AIR TECH MECHANICAL,,
3AIRTK,VETS SHEET METAL LTD,,
3AJFOR,A.J. FORSYTH - NEW WEST,,
3AJKEL,A.J. FORSYTH - KELOWNA,,
3AJNAN,A.J. FORSYTH - NANAIMO,,
3AJPRG,A.J. FORSYTH - PR. GEORGE,,
3ALAS,ALASKAN COPPER & BRASS CANADA,,
3ALCAN,ALCAN PRODUCTS,,
3ALDER,ALDER STEEL MART LTD,,
3ALEST,ALESTHER METAL DISTRIB. LTD,,
3ALL,ALLIANCE METAL FABRICATORS LTD,,
3ALLC,ALL CANADIAN BLDG PRODUCTS LTD,,
3ALLIE,ALLIED BLOWER - SURREY,,
3ALLRI,ALLRITE HEATING & VENTILATION,,
3ALLS,ALL SEASON ROOFING SUPPLY,,
3ALLWE,BEACON ROOFING SUPPLY CANADA,,
3ALOE,ALO & E GUTTERS (DBA),,
3ALPGA,ALPINE GAS LTD,,
3ALPHA,ALPHA ROOF & SHEET METAL INC,,
3ALPHB,DURON ROOFING LTD,,
3ALTAR,ALTAR METAL FAB CO LTD,,
3ALTM,ALTIUM BUILDING CORP,,
3AM,RYERSON CANADA INC,,
3AMES,AMES METAL FAB 82 LTD,,
3AMICO,AMICO CANADA INC.,,
3AMS,AMS INDUSTRIES LTD,,
3AMX,AMIX STEEL & SURPLUS LTD,,
3ANDRE,ANDREW SHERET PURCHASING LTD.,,
3ANDYS,ANDY'S SHEET METAL ~COD,,
3ANM,ACADIA NORTHWEST MECHANICALLTD,,
3AONE,A ONE MACHINERY LTD,,
3APEXF,APEX FABRICATOR LTD,,
3APEXP,APEX PNEUMATICS LTD,,
3APOLL,APOLLO SHEET METAL LTD.,,
3AQUAF,AQUA FLO PRO-FILING INC,,
3AQUAL,AQUALU INDUSTRIES INC,,
3AQUAR,AQUARIUS METAL FAB ~COD~,,
3ARCHG,ARCHGARD INDUSTRIES LTD,,
3ARCHI,ARCHIE JOHNSTONE PLG & HTG LTD,,
3ARCON,ARCONA ROOFING & SHT METAL LTD,,
3ARLM,AURORA ROOFING LM LTD,,
3ARPAC,ARPAC STORAGE SYSTEMS,,
3ART,ART OF WORK CONSTRUCTION LTD,,
3ARTSH,ART SHEET METAL LTD,,
3ASHTO,ASHTON MECHANICAL LTD DBA ASH-,,
3ASRWL,ADVANCED SYSTEMS ROOFING  ****,,
3ASSOC,ASSOCIATED SHEET METAL ~COD~,,
3AUROR,AURORA ROOFING LTD.,,
3AUSTI,AUSTIN METAL FABRICATORS,,
3AVALL,ALL VALLEY METALS LTD,,
3AWL,AWL TEC LTD,,
3AWR,ALL WEST ROOFING ~COD,,
3AXTON,AXTON INCORPORATED,,
3AZORE,AZORES SHEET METAL,,
3BABAK,BABAK FOOD EQUIPMENT ~COD,,
3BARZA,BAR-ZAL STEEL SUPPLY LTD,,
3BASH,BASH SHEET METAL INC,,
3BCIT,BCIT,,
3BEAV,BEAVER CREEK HOME CENTRE LTD,,
3BENKN,BENKIN SHEET METAL 2008 LTD,,
3BENNE,BENNETT SHEET METAL-COURTNEY,,
3BENZ,BENZ STEEL,,
3BEVCO,BEVCO SALES INTERNATIONAL INC,,
3BHMET,BH METALS LTD ~COD,,
3BIGVA,BIG VALLEY HTG & S/METAL LTD,,
3BIRON,BIRON CONSTRUCTION LTD,,
3BLAKE,BLAKE ERICKSON ROOFING &,,
3BLUE,BLUELINE SHEET METAL MFG LTD,,
3BLUEV,BLUE VALLEY MECHANICAL,,
3BNG,BNG HEATING & SM   ~COD~,,
3BOLLM,BOLLMAN ROOFING & SHEET METAL,,
3BOSS,BOSS SHEET METAL,,
3BOSTO,BOSTON SHEET METAL LTD,,
3BOTH,BOTHWELL-ACCURATE CO. INC.,,
3BRADD,BRADDIK ROOFING & S/M (2014),,
3BRAMA,BRAMA COOLING TECHNIQUES,,
3BRANT,BRANTEC GLAZING SYSTEMS INC,,
3BRENC,BRENCO INDUSTRIES,,
3BRICO,BRICOR MECHANICAL LTD,,
3BRITC,METRIC MODULAR (DBA)*DONT SELL,,
3BROAD,BROADWAY ROOFING CO. LTD,,
3BROCK,BW PRINCE GEORGE STEELS - 872,,
3BULKL,BULKLEY VALLEY HOME CENTRE LTD,,
3BURLY,BURLY SHEET METAL LTD,,
3BURRR,BURRARD ROOFING & DRAINAGE~COD,,
3C3M,C3M MECHANICAL LTD,,
3CAMBI,CAMBIE ROOFING CONT LTD,,
3CANSC,CANADA SCAFFOLD SUPPLY CO.,,
3CANWE,CANWEST MECHANICAL INC,,
3CAPAX,CAPAX CONTRACTING ~COD,,
3CAPEX,CENTRAL APEX CLADDING INC.,,
3CASEY,CASEY'S FLASHINGS & ROOF LTD,,
3CASH,CASH SALES - B.C. (CASC),,
3CCIND,C.C. INDUSTRIES LTD,,
3CCLAD,COMPASS CLADDING INC,,
3CCM,CUSTOM CUT MACHINE INC,,
3CCV,CANADIAN COMMERCIAL VEHICLES,,
3CEDAR,CEDAR GROVE ROOFING SUPPLY,,
3CEDRI,CEDRIC MARINA LTD ~COD,,
3CENTI,CENTIMARK LTD,,
3CENTU,CENTURY PLUMBING & HEATING LTD,,
3CENVA,CENTRAL VALLEY RADIATOR,,
3CG,CLEARBROOK GLASS 2007 LTD,,
3CGD,CHILLIWACK GLASS & DOOR INC,,
3CHAD,CHAD MECHANICAL,,
3CHAP,CHAPMAN MECHANICAL,,
3CHARG,CHARGER ENGINEERING LTD,,
3CHFAB,CAMPBELL HEIGHTS FAB INC ~ COD,,
3CHILL,CHILLIWACK ROOFING LTD.,,
3CITY,CITY SHEET METAL LTD.,,
3CJ,CJ HEATING LTD ~ COD,,
3CJM,CJM TECHNOLOGIES LTD,,
3CJS,CJ'S ROOFING LTD,,
3CLEAR,CLEARBROOK IRON WORKS LTD,,
3CLIMA,CLIMATE DESIGNS LTD,,
3CLVEN,C.L. VENTURES ROOFING,,
3CMCM,COPPER MOUNTAIN CUSTOM METALS,,
3CMET,CUSTOM METAL PRODUCTS INC,,
3CMJ,CMJ HEATING LTD,,
3CMR,COAST MOUNTAIN ROOF LTD,,
3CMS,COAST METAL SOLUTIONS,,
3CMVM,CRUISINE MOBILE VENDING MFGLTD,,
3COAST,ATLAS-APEX ROOFING (B.C.) INC,,
3CODE,CODE ELECTRIC PRODUCTS LTD,,
3CODEM,CODE MANUFACTURING LTD,,
3COLGL,COLUMBIA GLAZING SYSTEMS INC,,
3COLLI,COLLINS MANUFACTURING CO LTD,,
3COMB,COMBINED MECHANICAL CONTR. LTD,,
3COMME,COMMERCIAL SHEET METAL,,
3COMPL,COMPLETE METAL MARKETS LTD~COD,,
3CONSC,CONVOY SUPPLY LTD - COURTENAY,,
3CONT,CONTINENTAL STEEL LTD,,
3CONTI,CONTINENTAL ROOFING,,
3CONVT,CONVOY SUPPLY LTD - TERRACE,,
3COQUI,COQUIHALLA STEEL INDUSTRIESLTD,,
3CPF,COLUMBIA PACIFIC FAB LTD,,
3CRAFT,CRAFTSMAN CUSTOM SHEET ~COD,,
3CRD,CROWN ROOFING & DRAINAGE ARCH.,,
3CRMET,CR METAL FABRICATORS LTD,,
3CRONA,CORONA GAS LTD,,
3CROOF,COAST ROOFING LTD,,
3CROSS,CROSSTOWN METAL INDUSTRIES LTD,,
3CRW,CASCADE ROOFING & EXTERIORS,,
3CTC,CTC CUSTOM FABRICATION INC,,
3CTEC,COPPERTEC REFRIG/HTNG/AC ~ COD,,
3CTH&C,COMFORT TECH HEAT & COOL LTD,,
3CURLY,CURLY'S ROOFING,,
3CUSTP,CUSTOM PRO EXTERIORS LTD,,
3CUTT,CUTTING EDGE FAB,,
3CUTTK,CUTTING EDGE MFG LTD,,
3CWSF,CROWN WEST STEEL FABRICATORS,,
3D&G,D&G MECHANICAL (1997) LTD,,
3DANCO,DANCO ROOFING LTD,,
3DAVE,DAVE'S CUSTOM METAL WORKS LTD,,
3DCT,DCT CHAMBERS TRUCKING LTD,,
3DCWEL,DC WELDING & FABRICATION,,
3DDSWF,D&D SERVICES WELDING & FABRIC-,,
3DEKOF,DEKOFF DEVELOPMENTS (DBA),,
3DEMIC,DEMICO SHEET METAL INC ~COD,,
3DICK,DICKINSON MFG,,
3DIRRO,DIRECT ROOFING & WATERPROOFING,,
3DIXON,DIXON HEATNG & SHEET METAL LTD,,
3DLF,DLF DOMINION SHEET METAL LTD,,
3DOERK,DOERKSEN ROOFING LTD,,
3DOHMS,DAVE DOHMS ~COD,,
3DOLAN,DOLAN'S GASFITTING & HTG LTD,,
3DONCH,DON CHEN ~COD,,
3DORM,DORMEL CONTAINERS,,
3DOWNT,DOWNTOWN CUSTOM METAL ~COD,,
3DRACK,DRACKETT'S INSTALL. LTD,,
3DRAGN,DRAGON FOOD EQUIPMENT INC,,
3DRAKE,DRAKE'S HEATING LIMITED,,
3DSIGN,DESIGN ROOF. & SHEET METAL LTD,,
3DUCT,DUCTWORKS HEATING & A/C LTD,,
3DUNC,DUNCAN'S LIMITED,,
3DWELL,DWELLTECH INDUSTRIESS LTD ~COD,,
3EAGLE,EAGLE SHEET METAL,,
3EBCO,EBCO INDUSTRIES LTD,,
3ECCO,ECCO HEATING PROD LTD - LANGLY,,
3ECO,ECO EXTERIORS (DBA),,
3EDGE,EDGE AIR SYSTEMS LTD,,
3EDUCA,EDUCAN INST. FURNITURE LTD,,
3EEC,EEC INDUSTRIES LTD.,,
3EGLAS,3E GLASS LTD,,
3ELITE,ELITE METAL WORKS LTD,,
3EMBER,EMBERLINE INDUSTRIES LTD.,,
3EMCBU,EMCO CORP #855 - BURNABY,,
3EMCCB,EMCO CORP #752 - CRANBROOK,,
3EMCCH,EMCO CORP #826 - CHILLIWACK,,
3EMCHV,EMCO CORP #841 - HVAC SURREY,,
3EMCKA,EMCO CORP #814 - KAMLOOPS,,
3EMCNA,EMCO CORP #821 - NANAIMO,,
3EMCOA,EMCO CORP #825 - ABBOTSFORD,,
3EMCON,EMCO CORP #848 - NORTH VANC.,,
3EMCOR,EMCO CORP #850 - RICHMOND,,
3EMCPQ,EMCO CORP #824 - PT COQUITLAM,,
3EMCSA,EMCO CORP #809 - SALMON ARM,,
3EMF,EXCEL METAL FAB (1993) LTD,,
3EMHPC,EMCO CORP #840-HVAC PT COQUITL,,
3EMHVV,EMCO CORP #830 - HVAC VICTORIA,,
3EMPER,EMPEROR RACING INC,,
3EMS,EMS CONSULTING LTD,,
3ENER,ENERTECH HEATING (COD),,
3EPICP,REDWOODS PLASTICS &RUBBER CORP,,
3EQUIT,EQUITY PLUMBING & HEATING LTD,,
3ER,ELITE ROOFING LTD,,
3EROOF,EDGE ROOFING LTD,,
3ESFV,ECCO SUPPLY - FRASER VALLEY,,
3ESTHE,ESTHERS SHEET METAL,,
3EURO,EURO ARTISTIC METALS LTD,,
3EXMET,EXMET INDUSTRIES INC.,,
3E-Z,E-Z-RECT MANUFACTURING LTD.,,
3FAB,COBOTIX MANUFACTURING INC,,
3FAST,FASTEEL INDUSTRIES LTD.,,
3FASTC,FASTCUT CNC INC ~COD,,
3FDM,FDM MFG LTD   ~COD~,,
3FEHL,FEHLING'S SHEET METAL LTD,,
3FFAB,FAST FAB INC ~COD~,,
3FIRE,FIREPLACE PRODUCTS INT'L. LTD.,,
3FLAME,FLAMECRAFT HEATING S/M & GAS,,
3FLASH,FLASHCO METALS (SURREY),,
3FLEXY,FLEXYSHOP (2011) LTD,,
3FLYNC,FLYNN CANADA LTD - SURREY BC,,
3FLYNK,FLYNN CANADA LTD - KELOWNA,,
3FLYNN,FLYNN CANADA LTD - SAANICHTON,,
3FMA,FMA FOOD MACHINE AUTOMATION,,
3FORT,FORT FABRICATION & WELDING LTD,,
3FORTI,FORTIFAB MANUFACTURING INC.,,
3FOXMA,FOX MANUFACTURING LTD,,
3FPE,FOUR POINT EXTERIORS LTD,,
3FPS,FPS FOOD PROCESS SOLUTIONS CRP,,
3FRASS,FRASER VALLEY STEEL & WIRE LTD,,
3FRED,FREDERICK'S PREC. METAL FAB,,
3FTI,FINISHING TRADES INSTITUTE BC,,
3FVREF,FRASER VALLEY REFRIG LTD,,
3GA,GA INDUSTRIES INC,,
3GALAS,GALAXIE SIGNS LTD,,
3GANDY,GANDY INSTALLATIONS,,
3GARAV,GARAVENTA CANADA LTD.,,
3GEA,GEA REFRIGERATION CANADA,,
3GENTK,GENTEK BUILDING PRODUCTS LP,,
3GLOBE,INTER-GLOBE BLDG SUPPLIES LTD,,
3GOLDS,GOLD SEAL ROOFING ~COD,,
3GOOD,GOODWINS GREENHOUSES LTD,,
3GP,G.P. PETERSON & SON HEATING LT,,
3GRANT,GRANT ILLUMINATED SIGNS LTD,,
3GRAY,GRAY WOLF STAINLESS STEEL LTD,,
3GRC,GRC COLUMBIA ROOFING INC,,
3GREEN,GREEN THEORY DESIGN INC,,
3GRIZZ,GRIZZLY METAL FAB INC,,
3GTA,GTA SHEET METAL SERV INC,,
3GVC,GREAT VALLEY CONSTRUCTION LTD,,
3GVSD,GREATER VICTORIA SCHOOL DIS 61,,
3GWC,GREAT WHITE CLADDING & DECKING,,
3H&R,H&R SHEET & FAB LTD,,
3HAAKO,HAAKON INDUSTRIES (CANADA) LTD,,
3HAD,HADWINS HVAC & GAS INC,,
3HAM,HAM BUILDING SUPPLIES LTD,,
3HANAL,HANSEL ALUMINUM PRODUCTS LTD,,
3HANSE,HANSEN INDUSTRIES LTD,,
3HARBR,HARBOURVIEW SHEET METAL LTD,,
3HARD,HARDINGS STEEL CO LTD ~ COD,,
3HAUSR,HAUSER BROS CLADDING CORP,,
3HB,HB ROOFING,,
3HCC,HORIZON CLIMATE CONTROLS LTD,,
3HEILT,HEILTSUK TRIBAL COUNCIL,,
3HEIN,HEIN MECHANICAL SERVICES INC,,
3HELIO,HELIOS ROOFING & WATERPROOFING,,
3HELTO,FLEXIFORCE (DBA),,
3HERIT,HERITAGE ROOF & SHT METAL LTD,,
3HIGHL,HIGHLINER TRAILERS LTD,,
3HILIT,HI-LITE TRUCK ACCESSORIES LTD,,
3HLANE,HI-LANE PLASMA STEEL CUTTING,,
3HMG,HMG SHEETMETAL LTD,,
3HNMS,HORIZON NORTH MODULAR SOLUTION,,
3HOME,HOME-WORKS ROOFING & S/M ~ COD,,
3HOMEC,HOMECRAFT MFG CORP,,
3HOMET,HOMETOWN ROOFING LTD,,
3HOWIE,HOWIE'S ROOFING INC ~ COD,,
3HUB,HUB FIRE ENGINES + EQUIPMENT,,
3HUMBL,HUMBLE MANUFACTURING CO LTD,,
3HVAC,HVACTECH SYSTEMS INC - COD,,
3HYDRO,HYDROWEST PRODUCTS LTD,,
3I&J,I&J METAL FAB LTD ~COD,,
3IBC,IBC TECHNOLOGIES INC,,
3IEM,IEM INDUSTRIAL ELECTRIC MFG,,
3IMPAC,IMPACT SHEET METAL LTD,,
3IMPAL,IMPALA CONTRACTING ~COD,,
3INCA,INCA METAL (DBA),,
3INPLU,INTERIOR PLUMBING & HTNG LTD,,
3INTER,INTERIOR ROOFING (2011) LTD,,
3INTL,INTERNATIONAL THERMAL RESEARCH,,
3INTTB,INTERCONTINENTAL TRUCK BODY BC,,
3IOEL,INTERIOR OFFROAD EQUIPMENT LTD,,
3IRON,IRONSIDE DESIGN MFG INC,,
3IRONM,IRONMAN DIRECTIONAL DRILLING,,
3ISMF,ISLANDER SHEET METAL FAB,,
3ISMS,INDUSTRIAL SHEET METAL SUPPLY,,
3ISS,INNOVATIVE STAINLESS SOLUTIONS,,
3JAVA,JAVA ROOFING LTD ~COD,,
3JB,J.B. SHEET METAL LTD,,
3JETST,JETSTREAM BOATS INC ~COD,,
3JG,JG RECYCLING,,
3JGR,JG ROOFING LTD,,
3JMULD,JOHN MULDER HEATING + AC LTD,,
3JOES,JOE'S PLUMBING & HEATING LTD,,
3JUDE,JUDE FARMER CUSTOM ~COD,,
3JUST,JUST INDUSTRIES LTD,,
3JWC,JWC ENVIRONMENTAL CANADA ULC,,
3JWYNK,JUSTIN WYNKER METALS LTD,,
3K&W,K&W GLASS INNOVATIONS LTD,,
3KALAM,LAING ROOFING LTD - VERNON BR,,
3KDM,KDM CONST SUPPLIES LTD,,
3KEITH,MODERN NIAGARA VANCOUVER INC.,,
3KELOW,KELOWNA ROOFING (1984) LTD.,,
3KENS,KEN'S ROOFING SUPPLIES LTD,,
3KENT,KENT METAL PRODUCTS,,
3KIESO,KIESON FAB + MACHINE LTD,,
3KIRKL,KIRKLAND METAL SHOP LTD ~COD,,
3KLEIN,KLEINDALE ROOFING &SHEET METAL,,
3KLINE,K-LINE TRAILERS LIMITED,,
3KMS,KMS TOOLS & EQ LTD,,
3KNUTS,KNUTSFORD ARTISTIC IRONWORKS,,
3KORO,AIRFOAM INDUSTRIES LTD,,
3KPAN,KEITH PANEL SYSTEMS CO LTD,,
3KR,K.R. BROWN HEATING & VENT.,,
3KSIGN,KNIGHT SIGNS,,
3KSM,KSM STAINLESS STEEL FAB LTD,,
3KTOOL,KELOWNA TOOL & DIE LTD,,
3KUSTO,KUSTOM KREATIONS WELDING ~COD,,
3LAING,LAING ROOFING LTD - KELOWNA BR,,
3LANCE,LVR ROOFING,,
3LANDM,LANDMARK SIGN LTD,,
3LANGL,LANGLEY ROOFING CO LTD,,
3LASCF,LASERCAM FABRICATION INC ~COD,,
3LASER,LX LASER AND METAL SUPPLY LTD,,
3LENMA,LENMAK EXTER. INNOVATIONS INC,,
3LEVEL,LEVEL FABRICATORS LTD,,
3LEWIS,LEWIS SHEET METAL LTD,,
3LIFET,LIFETEC CONSTRUCTION GROUP~COD,,
3LINK,LINK DESIGN SERVICES INC,,
3LJCUS,L.J. CUSTOM SHEET METAL LTD.,,
3LKME,LKME PRODUCTS LTD.,,
3LMC,LMC MANUFACTURING LTD,,
3LOGIC,LOGICAL SHEET METAL,,
3LONE,LONE STAR INDUSTRIES LTD,,
3LOS,LCR ROOFING MFG LTD,,
3LUCKY,LUCKY WATERJET CUTTING ~COD,,
3LWEST,LASERWEST FAB INC  ~COD~,,
3LWS,LWS MANUFACTURING & WELDING,,
3M&B,M&B SHEET METAL,,
3M&K,M&K PLUMBING & HEATING CO LTD,,
3M&T,M & T AIR CONDITIONING    ****,,
3M2,M2 GREEN MECHANICAL LTD,,
3MAC,MACK KIRK ROOFING & S/M LTD,,
3MACIN,MAC INDUST. EXHAUST SHOP INC,,
3MACPH,MACPHERSON BROWN LTD,,
3MACRO,MACBETH ROOFING &WATERPROOFING,,
3MADCR,MADGE CUSTOM ROOFING LTD,,
3MAGAS,MAGAS ROOFING (2017) LTD,,
3MAIN,MAINLINE ROOFING CO. LTD.,,
3MAMMO,MAMMOTH METAL ROOFS INC ~COD,,
3MANTN,BAILEY METAL PRODUCTS - SURREY,,
3MARK,MARKEY MECHANICAL LTD ~COD,,
3MARLN,HORIZON NORTH MODULAR MFG INC,,
3MARME,MARCON METALFAB INC,,
3MARMO,MARMON/KEYSTONE CANADA INC,,
3MARRS,MARRS ROOFING LTD,,
3MART,MARTECH MOTOR WINDING LTD,,
3MATT,MATT CLADD INDUSTRIES,,
3MAX,MAXAM METAL PRODUCTS LTD.,,
3MBP,MAINLAND BLDG PROD LTD,,
3MCLAD,MASTERCLAD ROLLFORMING INC,,
3MCRAF,METALCRAFT TECHNOLOGY INC,,
3MCREW,METAL CREW INSTALLATIONS LTD,,
3MEL,MEL-VIEW METAL INC,,
3MENZI,MENZIES ROOFING CORP,,
3META,METAL MART,,
3METRO,METRO ROOF. & SHEET METAL LTD,,
3METSB,METAL SUPERMARKETS - BURNABY,,
3METSK,METAL SUPERMARKETS KELOWNA DBA,,
3METSL,METAL SUPERMARKETS - LANGLEY,,
3METSR,METAL SUPERMARKETS - RICHMOND,,
3METSU,METAL SUPERMARKETS - VICTORIA,,
3MG,MG PROFILE BURNING,,
3MGORD,MATT GORDON ROOFING & SHEET,,
3MH,M & H MACHINERY LTD,,
3MIDVA,MIDVALLEY SHEET METAL LTD,,
3MIGHT,MIGHTY FORGE,,
3MILL,MILLENNIUM SPECIALTY ALLOYSLTD,,
3MILLB,MILLBROOK ROOFING + S/M INC,,
3MILLS,MILLSTONE HEATING & S/B LTD,,
3MINIM,MINIMAL GLASS AND DOOR LTD,,
3MJDGL,MJD GLASS (2016) LIMITED,,
3MKERR,MATTHEW A KERRIGAN,,
3MONAS,MONASHEE MFG CORP LTD,,
3MRO,METAL ROOFS ONLY  ~COD~,,
3MROOF,MARINE ROOFING (1996) LTD,,
3MTROP,METALTROPOLIS,,
3MVI,METAL VENTURES INC,,
3MYERS,MYERS ROOFING INC,,
3NAKA,NAKA WELDING ~COD,,
3NANAI,NANAIMO SHEET METAL LTD,,
3NATC,NORTH AMERICA TRAILER COMPANY,,
3NAVIS,NXSTAR SYSTEMS INC,,
3NBD,NORTH BLUFF DESIGN LTD,,
3NBSL,NORTHERN BUILDING SUPPLY LTD,,
3NCSM,NEW CENTURY SHEET METAL LTD,,
3NEELS,NEELS HEATING & SUPPLIES LTD,,
3NEON,WESTCOAST NEON WORKS ~COD,,
3NHEAT,NOVA HEATING & SHEET METAL2013,,
3NHOOK,NEWHOOK'S METAL FAB LTD,,
3NICKL,NICKEL HEATING & VENTILATION,,
3NIELS,NIELSEN ROOF & SHEET MTL LTD,,
3NOR,NOR-MAR INDUSTRIES LTD,,
3NORRE,NOR RENOVATIONS LTD,,
3NORTK,NORTEK EXTERIORS,,
3NORTW,NORTHWIND HEATING LTD,,
3NORWE,NORTHWEST SHEET METAL LTD,,
3NOVA,NOVA POLE INTERNATIONAL INC,,
3NOVAK,NOVA KOOL MFG. ULC.,,
3NOWES,NORTHWESTERN SYSTEMS CORP,,
3NSIDE,NORTHSIDE INDUSTRIES INC,,
3NTC,NORTH-TECH CST LTD ~COD,,
3NU,NU DIMENSIONS FABR & MFG,,
3NWM,NORTHWEST WATERJET & MFG LTD.,,
3OKANS,OKANAGAN STAINLESS LTD,,
3OLYMP,OLYMPIC ROOFING LTD,,
3ON,ONSITE METAL FORMING LTD,,
3ONE,CIMS LIMITED PARTNERSHIP,,
3OPAG,OPAG SHEET METAL LTD,,
3ORCAS,ORCA SOLUTIONS LTD,,
3ORIG,ORIGINAL COPPER DESIGNS (COD),,
3OSCM,ON-SITE CUSTOM METALS ~COD,,
3OTOMO,OTOMOX BUILDING SOLUTIONS LTD,,
3OVER,OVERLANDERS MANUFACTURING INC,,
3OZ,OZ ROOFING ~COD,,
3PACIF,PACIFIC ENERGY FIREPLACE,,
3PACRS,"PACIFIC RESTAURANT SUPPLY, INC",,
3PACSM,SHAPE METALS INC ~COD,,
3PACVA,PACIFIC VALLEY SIDING INC,,
3PAIRE,PACAIRE HVAC SUPPLIES LTD,,
3PAPCO,PAPCO BUILDING SUPPLY LTD,,
3PARKH,PARKINSON'S HEATING LTD,,
3PARKL,PARKER JOHNSTON IND LTD,,
3PARKR,PARKER JOHNSTON IND LTD,,
3PARKS,PARKER JOHNSTON IND LTD,,
3PARMT,PARAMOUNT COMPONENTS LTD,,
3PE,PACIFIC ENCLOSURES LTD,,
3PEAK,PEAK-TO-VALLEY ROOFING,,
3PEAKP,PEAK PRODUCTS MFG INC,,
3PEMBH,PEMBERTON HTNG & SHEET METAL,,
3PERFE,KLASSEN BLDG SUPPLIES LTD,,
3PERRI,688136 BC LTD,,
3PGUTT,PRECISION GUTTERS LTD,,
3PHOE,PHOENIX GLASS INC,,
3PHOEN,PHOENIX METALS LTD,,
3PIEDM,PIEDMONT SHEET METAL - BBY,,
3PIKE,PIKE SHEET METAL LTD,,
3PINN,PINNACLE ROOFING LTD,,
3PK,PK METAL WORKS LTD,,
3PLASM,PLASMATECH PROFILE CUTTING INC,,
3PLAY,PLAYSTED SHEET METAL LTD,,
3POCK,POCKLINGTON BLDG SYSTEMS,,
3POLST,POLSTAR SHEET METAL,,
3POPE,POPE & SONS REFRIGERATION LTD,,
3PRECI,PRECISION METALS LTD.,,
3PREMI,PREMIUM COMFORT HEATING & AIR,,
3PRIMX,PRIMEX IND (612240 BC LTD),,
3PRINC,PRINCE SHEET METAL & HTNG LTD,,
3PRO,PRO-TECH EXTERIOR PROD LTD,,
3PRONE,PRONEX AIR SYSTEMS INC,,
3PROR,PROLINE ROOFING LTD,,
3PROTE,PROTECH WELDING LTD,,
3PTI,P.T.I. (PUNCH TOOLS INC.),,
3Q-1,Q-1 WELDING LTD,,
3QAS,QUALITY AWNING & SIGNS LTD,,
3QUALI,PACIFIC QUALITY EXTERIORS LTD,,
3QUALS,FASCIAL EXPRESSIONS ~ COD ~,,
3QUEST,QUEST METAL WORKS LTD,,
3RADCL,RADCLAD STEEL IND LTD,,
3RADIA,RADIAN MECHANICAL INC,,
3RAJA,RAJA TRAILER & EQUIP SALES LTD,,
3RANKN,RANKIN SKYLINE SERV LTD,,
3RARE,RARE MANUFACTURING INC,,
3RAS,PRECISION PULLEY & IDLER INC.,,
3RAVEN,RAVEN METAL PRODUCTS,,
3RAVMP,RAVEN METAPRO SYSTEMS INC,,
3RAZOR,RAZOR MANUFACTURING,,
3RCABC,RCABC EDUCATIONAL FOUNDATION,,
3RCR,R.C. ROOFING LTD,,
3REBEL,REBELLE ARCHITECTURAL LIGHTING,,
3RED,"ALBERTA INDUSTRIAL METALS, A",,
3REDBL,RED BLUE HEATPUMPS &,,
3REIDC,REIDCO METAL INDUSTRIES LTD,,
3RELST,RELIABLE STEEL TRADERS LTD,,
3REMAC,R.E. MACDONALD STOVES & STONES,,
3REMT,REMTEK INDUSTRIES LTD,,
3RENWN,RENOWN INDUSTRIES LTD,,
3REPP,REPP INDUSTRIES ROOFING ~COD,,
3RH,R.H. JONES &SON MECHANICAL LTD,,
3RIC,R.I.C. METALWERX INC,,
3RICHE,RICHELIEU HARDWARE CANADA LTD,,
3RIDGE,RIDGE SHEET METAL LTD.,,
3RIPLE,RIPLEY STAINLESS LTD,,
3RISNG,RISING STRUCTURES LTD,,
3RITE,RITE-WAY METALS,,
3RJM,RJM GUTTER & SOFFIT,,
3RM,RM TRAILER LTD,,
3RMT,RMT METAL WORKS LTD,,
3RND,RND PRECISION HVAC LTD,,
3RNELS,NELSON ROOFING & SHEET METAL,,
3ROOF,ROOFMART PACIFIC LTD - SURREY,,
3ROOFK,PACIFIC ROOF CENTRE - KELOWNA,,
3ROOFV,PACIFIC ROOF CENTRE - VERNON,,
3ROSSM,ROSS MILLER ROOFING ~COD,,
3ROY,ROY DENNIS ROOFING (2005) LTD,,
3RPR,RPR HEATING & A/C,,
3RS,RS HEATING & SHEET METAL LTD,,
3RUGGI,RUGGID COAST (DBA) KINGFISH H-,,
3RUSKI,A.J. FORSYTH - KITIMAT,,
3RUTLA,RUTLAND GLASS (1999) LTD,,
3SALAR,SALMON ARM ROOFING & SHEET MET,,
3SAMS,SAMSON METALS LTD,,
3SANGH,SANGHA INSULATED DOORS,,
3SCHNI,SCHNITZER STEEL CANADA LTD,,
3SCS,SCS STEEL CONTAINER SYS INC,,
3SDESJ,S DESJARDINES & ASSOC LTD,,
3SEAML,SEAMLESS ENCLOSURES & 4ELEM,,
3SECUR,SECURITY MACHINE & ALLSPAN,,
3SEVEN,7 STAR WELDING&FABRICATION~COD,,
3SFS,SILVER FERN STAINLESS LTD,,
3SGM,SGM CUSTOM DESIGN & FAB ~COD,,
3SHEET,SHEET METAL WORKERS TRAINING,,
3SHERI,SHERINE INDUSTRIES LTD,,
3SHERW,SHERWOOD INDUSTRIES LTD.,,
3SHUR,SHUR-FIT PRODUCTS LTD,,
3SIEGS,SIEG'S MANUFACTURING LTD.,,
3SILHO,SILHOUETTE ENCLOSURES LTD,,
3SILVE,SILVER STREAK BOATS LTD,,
3SIMPS,SIMPSON STRONG-TIE INC,,
3SINCK,SINCLAIR SUPPLY - KELOWNA,,
3SINCL,SINCLAIR SUPPLY - SURREY,,
3SKIRK,SELKIRK SIGNS & SERVICE LTD,,
3SKYLU,SKYLUX ROOFING LIMITED,,
3SKYWI,SKY WINDOWS LTD,,
3SLEGG,SLEGG BUILDING MATERIALS,,
3SLIM,SLIMLINE MANUFACTURING (2016),,
3SMART,SMART GARAGE DOOR LTD,,
3SMECH,SOUTHERN MECHANICAL SERV INC,,
3SMITH,SMITH SHEET METAL WORKS LTD,,
3SOARE,SOARE CONTRACTING INC,,
3SONIC,SONIC ENCLOSURES LTD.,,
3SOURC,SOURCE DISPLAY INC,,
3SOV,SOV CONSTRUCTION INC,,
3SPART,RELIABLE TUBE | SPARTAN METAL,,
3SPECI,SPECIFIC MECHANICAL SYSTEMS,,
3SPECT,SPECTRUM SHEET METAL LTD,,
3SSR,SSR ROOF SUPPLY LTD,,
3STANR,STANDARD ROOFING (2016) LTD.,,
3STAR,STARLINE ARCH WINDOWS LTD,,
3STARF,STARFIRE GLAZING LTD,,
3STEEL,STEELHEAD ENTERPRISES LTD,,
3STERF,STERLING FENCE CO LTD,,
3STOKE,STOKE SHEET METAL BENDING LTD,,
3STOLL,STOLLCO INDUSTRIES LTD.,,
3SUMM,SUMMIT METAL PROD LTD   ~COD~,,
3SUMMI,SUMMIT STEEL CLADDING INC,,
3SUN,SUN VALLEY ROOFING LTD,,
3SURFA,SURFACE EXTERIORS LTD DBA BLA-,,
3SURLA,SURLANG ROOFING LTD,,
3SYNER,SYNERGY ROOFING ~COD,,
3TAM,TWIN ANCHORS MANUFACTURING~COD,,
3TANT,TANTALUS ROOF & SM SYSTEMS,,
3TAYLM,TAYLOR METALS,,
3TB,TITAN BOATS LTD,,
3TD,TD MANUFACTURING,,
3TDPSL,TD PRECISION STEELWORKS LTD,,
3TDS,"TDS TECHNOLOGIES, DIV. OF",,
3TEMP,TEMPRITE CLIMATE SOLUTIONS,,
3TGS,TRANSPARENT GLAZING SYSTEMSLTD,,
3THEOL,THE OLD ROOFER,,
3THOMP,THOMPSON HEATING LTD,,
3THUND,WEATHERBY'S ROOFING & S/METAL,,
3TI,TRAILL INDUSTRIES ~COD,,
3TIDYT,TIDY TANKS (1997) LTD,,
3TIN,TIN MAN METAL WORKS (DBA),,
3TN,T&N ROOFING LTD,,
3TOMTA,TOMTAR ROOFING & S/M LTD,,
3TOPLI,TOP LINE ROOFING LTD.,,
3TORO,TORO ALUMINUM,,
3TRAIL,TRAIL ROOFING LTD,,
3TRANS,TRANSWEST ROOFING LTD.,,
3TRATE,TRATECH MECHANICAL LTD,,
3TRI,TRI CITY FLASHING LTD,,
3TRICI,TRI CITY METAL INC,,
3TRIDE,TRIDENT MANUFACTURING LTD,,
3TRIME,TRI-METAL FABRICATORS,,
3TRITO,TRITON AUTOMOTIVE & IND LTD,,
3TRIUM,TRIUMF - U.B.C.,,
3TROJA,TROJAN ALLOYS LTD,,
3TROWL,TROWEL TRADES ACCESSORIES LTD,,
3TRUE,TRUE BLUE WIRE PRODUCTS INC,,
3TRYDO,"WESCO UTILITY, A DIV OF WESCO",,
3TVR,THOMPSON VALLEY ROOFING LTD,,
3TW,TRAILER WIZARDS LTD,,
3TWIN,TWIN RIVER PLMG & HTG 1985 LTD,,
3TY,TY-CROP MANUFACTURING LTD,,
3UAS,UAS CANADA INC,,
3UBC,UNIVERSTIY OF BRITISH COLUMBIA,,
3UNIT,UNITRAN MFG LTD,,
3UNIV,UNIVEYOR CONVEYORS,,
3UNIVE,UNIVERSAL S/M LTD,,
3UPPAL,UPPAL BUILDING SUPPLIES,,
3USM,UPPAL SIDHU METALS LTD ~COD,,
3VALCO,VALCOURT & SONS,,
3VALID,VALID MANUFACTURING LTD,,
3VALL,VALLEY PLUMBING & HEATING,,
3VALLE,VALLEY COMFORT SYSTEMS INC,,
3VALLP,VALLEY POWDERCOAT LTD,,
3VALM,VALMONT WEST COAST ENGINEERING,,
3VANDO,VAN DOREN SALES NORTH INC,,
3VANSS,VANCOUVER STAINLESS STEEL ~COD,,
3VARST,VARSTEEL LTD,,
3VENTU,VENTURE SUPPLIES LTD ~COD,,
3VGOOL,VANGOOL CUSTOM SHEET METAL LTD,,
3VIADU,VIADUCT SHEET METAL LTD,,
3VICE,VICE DESIGN ~COD,,
3VIKNG,VIKING PROFILES INC,,
3VISIO,VISION MECHANICAL LTD,,
3VMAC,VMAC GLOBAL TECHNOLOGY INC,,
3VP,VORTEX PNEUMATICS LTD,,
3VRH,VICTORY RANGE HOODS ~COD,,
3WASTE,WASTELINE CONTAINERS LTD,,
3WATER,WATERTIGHT SYSTEMS,,
3WAYC,WAYCON MANUFACTURING LTD,,
3WAYNC,WAYNE BLDG PROD LTD - CALG,,
3WBAY,WEST BAY MECHANICAL LTD,,
3WCAN,WESTERN CANADIAN SCREENS LTD,,
3WCE,WEST COAST ELECTRIC LTD,,
3WCLF,WESTCOAST CREATIVE LASER FORM,,
3WCMW,WEST CORE METAL WORKS LTD,,
3WCP,WESTERN CHECKER PLATE INC,,
3WEDGE,WEDGE ROOFING LTD,,
3WESGA,WESGAR INDUSTRIES LTD,,
3WESM,WESTMAN STEEL - AIRDRIE,,
3WESML,WESTMAN STEEL - LANGLEY,,
3WESTE,WESTERN ROOFING MASTER ROOFERS,,
3WESTF,WESTFORM METALS INC,,
3WESTO,WESTON ROOFING,,
3WESTW,WESTWOOD METALS LIMITED,,
3WG,WEATHERGUARD GUTTERS,,
3WIGHT,WIGHTMAN MECHANICAL (DBA),,
3WITS,W.I.T.S METAL FAB INC,,
3WMI,WMI MANUFACTURING CORP,,
3WOCLY,WOLSELEY IND CAN INC (LANG),,
3WOPKA,WOLSELEY MECH. GROUP-KAMLOOPS,,
3WWAY,WESTWAY PLBG & HTNG (2011) INC,,
3WYNKE,WYNKER BROS EXT & MANUFAC LTD.,,
3XTREM,XTREME ROOFING ~COD,,
3XTRPO,XTREME POLISHING LTD,,
3YANG,YANG GUANG ENTERPRISES ~ COD,,
3ZERO,KINGSPAN INSULATED PANELS LTD,,
5NATIO,NATIONAL SALVAGE LTD,,
83ALLA,ALL AMERICAN METAL PRODUCT(US),,
83CASH,CASH SALES - U.S. (CASC),,
9DORM,DORMEL CONTAINERS (U.S.),,
9FPS,FPS FOOD PROCESS SOLUTION(U.S),,
9HELTO,FLEXIFORCE (DBA) (U.S.),,
9PEAKP,PEAK PRODUCTS MFG INC (U.S.),,
9SPECI,SPECIFIC MECH SYSTEMS (U.S.),,
